ID,position_1,position_2,position_3,amplitude,sigma,labels,snpA_ID,snpA_positions_1,snpA_positions_2,snpA_positions_3,snpA_amplitude,snpA_sigma,snpB_ID,snpB_positions_1,snpB_positions_2,snpB_positions_3,snpB_amplitude,snpB_sigma,cellID
1,328.874964811946,146.533515929583,1.88461538461538,0.00228410519648463,0.977132013429992,ALLELE 1,236,329.417346720271,147.735731313992,1.88461538461538,0.00218816149416644,0.815431521050765,0,0,0,0,0,0,1
2,396.115481838359,192.176462131884,1.61538461538462,0.0024172543211343,1.0032967909905,ALLELE 1,120,396.577369784626,193.210684183329,1.61538461538462,0.00207024728918516,0.91789537849051,0,0,0,0,0,0,1
3,354.318998167261,157.459153182624,1.88461538461538,0.00250649972425285,0.996565698500694,ALLELE 1,217,354.726027807021,158.57340792787,1.88461538461538,0.00228696932932284,0.993976772130055,0,0,0,0,0,0,1
4,367.317126446483,134.866829592779,1.88461538461538,0.00227873836314753,1.00503786826836,undetec,0,0,0,0,0,0,0,0,0,0,0,0,1
5,346.869833679123,136.034312877415,2.01923076923077,0.00224100693077025,0.938925252174084,ALLELE 1,309,347.410671169108,136.915313966636,1.88461538461538,0.00261333527718724,1.09574438123688,0,0,0,0,0,0,1
6,466.073123471451,112.875432768672,2.01923076923077,0.00206898573172062,0.978317240228179,undetec,0,0,0,0,0,0,0,0,0,0,0,0,1
7,308.659535179067,145.855109899113,2.01923076923077,0.00229565096641459,0.916446580157246,ALLELE 1,337,309.20709881629,146.664420036519,2.01923076923077,0.00283400903296414,0.939316734727251,0,0,0,0,0,0,1
8,336.321027686326,153.28431811851,1.88461538461538,0.00261498952328398,0.839617445163106,3-color,103,336.811490873197,154.459659456048,2.01923076923077,0.00164862503643512,0.888900239693347,119,337.635056799382,154.086680925642,1.88461538461538,0.00162916173348767,1.09083216294794,1
9,349.466815851951,96.5701596923508,0.403846153846154,0.00269269527352026,0.971932475374321,ALLELE 1,401,350.175384721868,97.176251478241,0.403846153846154,0.00412391287053905,1.01050555166398,0,0,0,0,0,0,1
10,256.868330180056,134.933635040885,1.88461538461538,0.00247123718248629,0.891799715853306,undetec,0,0,0,0,0,0,0,0,0,0,0,0,1
11,316.392705252817,189.302879952454,1.88461538461538,0.0026576711111895,0.915075529493446,undetec,0,0,0,0,0,0,0,0,0,0,0,0,1
12,225.457004629071,175.754593458659,0.942307692307692,0.00178803858653307,1.47854178708975,ALLELE 1,362,226.743735819291,176.505042108059,0.942307692307692,0.00292562803172285,1.23460143276076,0,0,0,0,0,0,1
13,272.138882592008,246.669772646023,0.673076923076923,0.00224669559370095,1.29486915562902,3-color,417,273.0382883478,248.112256279898,0.673076923076923,0.00484732276390293,1.07977719749016,477,273.854205782636,247.018579338756,0.673076923076923,0.00585792925625217,1.31896948539424,1
14,316.43901186937,145.037801110943,2.01923076923077,0.00255956483769165,1.02175505272674,ALLELE 1,364,317.124694639442,145.826297397548,1.88461538461538,0.00290478306630956,1.06455878198395,0,0,0,0,0,0,1
15,231.388267509649,151.333921990019,0.673076923076923,0.0019136915615248,1.1836430234226,ALLELE 1,5,232.31038081405,152.161592160728,0.538461538461538,0.00150384291230444,1.24018267896473,0,0,0,0,0,0,1
16,309.259546780458,122.979807252112,0.538461538461538,0.00230490806598942,0.934946692150034,ALLELE 1,410,309.887650186048,123.90816702172,0.538461538461538,0.00452125042202162,0.972212467420943,0,0,0,0,0,0,1
17,380.787924840303,126.765856455336,1.75,0.00247242141836083,0.9250374551158,ALLELE 1,275,381.266644839238,127.670867931307,1.75,0.00222191090111541,1.06028390578656,0,0,0,0,0,0,1
18,411.660805374402,304.95257254639,0.942307692307692,0.00172026752559419,1.21302231417513,ALLELE 2,0,0,0,0,0,0,472,413.405330392723,304.94890173653,0.942307692307692,0.00536597766244176,1.08822803264879,1
19,258.424455670972,265.454310906618,0.673076923076923,0.00270524587167958,0.989622168910142,undetec,0,0,0,0,0,0,0,0,0,0,0,0,1
20,208.539833560193,205.234483517044,0.807692307692308,0.00265798237663769,0.925696022522541,ALLELE 1,221,209.191937367285,206.105307801719,0.807692307692308,0.00154839062013224,1.25185019696908,0,0,0,0,0,0,1
21,319.094091993926,95.2470768783702,1.88461538461538,0.00231843144633819,0.998090654723226,ALLELE 1,332,319.615536483113,96.3344109067473,1.88461538461538,0.0030271538193127,0.993944657522495,0,0,0,0,0,0,1
22,411.907053339713,180.145740439189,1.48076923076923,0.0025242525733046,0.927404828137439,ALLELE 2,0,0,0,0,0,0,348,412.704506776251,180.633647981052,1.48076923076923,0.00264819918219175,1.03654666976934,1
23,404.427295343326,237.498040854415,1.07692307692308,0.00254688369704386,1.03557845253306,undetec,0,0,0,0,0,0,0,0,0,0,0,0,1
24,331.169753080815,152.41380857693,1.88461538461538,0.00245193810045582,1.18387473035637,ALLELE 1,85,331.822890819334,153.394119614511,1.88461538461538,0.00186662539719167,1.00424058410775,0,0,0,0,0,0,1
25,262.082365104204,144.680885387204,0.673076923076923,0.0026084071417355,1.01862562496738,ALLELE 2,0,0,0,0,0,0,454,263.864069098801,145.342224274513,0.673076923076923,0.00351218948896115,1.02181193046415,1
26,219.723781870017,254.792743902797,0.807692307692308,0.00270737636772574,0.961514966065591,ALLELE 1,327,220.318898524058,255.717318462278,0.807692307692308,0.00277728779924298,0.942995069213284,0,0,0,0,0,0,1
27,297.440273945141,245.90240339149,0.807692307692308,0.00267856148878454,0.925497064113334,3-color,370,298.772293940881,246.614157851038,0.807692307692308,0.00310630158789456,0.990786323425164,448,298.722840836232,246.333621924334,0.807692307692308,0.00362690696359497,1.00219574698134,1
28,275.290811606395,198.584195274612,0.403846153846154,0.00276988972952739,1.02262052084023,3-color,183,275.935314322902,199.215319767244,0.538461538461538,0.00274670442412573,0.928972645189703,86,276.953203157251,198.798454964001,0.403846153846154,0.00193650944686872,0.937935096382634,1
29,382.441308263017,180.399581009562,1.75,0.00270483135537067,0.89253119516293,undetec,0,0,0,0,0,0,0,0,0,0,0,0,1
30,281.416438767139,152.07839244927,0.673076923076923,0.00267568746942107,0.977467001245686,undetec,0,0,0,0,0,0,0,0,0,0,0,0,1
31,296.51442079264,257.764803990181,1.07692307692308,0.00286463801000467,0.904776135146058,undetec,0,0,0,0,0,0,0,0,0,0,0,0,1
32,328.103223171474,139.942675577556,0.538461538461538,0.00241241980311566,0.912373995220117,undetec,0,0,0,0,0,0,0,0,0,0,0,0,1
33,296.305805781312,250.763486572717,0.807692307692308,0.00281499968042684,0.936348393619601,3-color,36,296.835182591191,252.049847312209,0.807692307692308,0.00167249888148382,0.86162044364084,67,297.748047440307,251.251603558937,0.673076923076923,0.00111201481761732,1.14340120893072,1
34,358.513535705398,108.484613715763,1.75,0.00299915103742728,0.926851735302774,undetec,0,0,0,0,0,0,0,0,0,0,0,0,1
35,264.077843858777,208.504683324689,1.34615384615385,0.00243122252134571,1.13919974916175,undetec,0,0,0,0,0,0,0,0,0,0,0,0,1
36,411.33280116065,284.647718946096,0.807692307692308,0.00278898861200551,0.957542934017295,ALLELE 2,0,0,0,0,0,0,469,412.728677375139,284.775411581271,0.807692307692308,0.00480743288125566,1.06008245652066,1
37,337.021728611923,152.606826019539,0.538461538461538,0.0030046896879297,0.982756755093055,3-color,179,337.500446620798,153.504158008859,0.673076923076923,0.00223659776400227,0.975866685261387,32,338.750959215862,152.815817607934,0.538461538461538,0.00172246634723893,0.956671649618049,1
38,301.566560197695,164.754287858999,0.538461538461538,0.00268670870794751,1.1475507743414,ALLELE 2,0,0,0,0,0,0,452,303.14305234208,165.378836606615,0.538461538461538,0.00407219666219411,1.29127003026056,1
39,364.374134733541,208.360874823595,1.48076923076923,0.00295759176281167,1.06044532343267,ALLELE 2,0,0,0,0,0,0,412,365.474713077494,209.059031142082,1.61538461538462,0.00273858585450841,1.03810110099348,1
40,368.917334827591,204.807681220923,0.538461538461538,0.00271968868021146,0.895391518639729,ALLELE 2,0,0,0,0,0,0,418,370.641317290835,205.822008640552,0.538461538461538,0.00332021375203396,1.20093334337757,1
41,322.902041093139,98.1573670044356,0.403846153846154,0.00260858197926746,0.934939666187618,ALLELE 1,366,323.854722050497,99.3448590594505,0.538461538461538,0.00295606216881009,1.21345934030647,0,0,0,0,0,0,1
42,153.287576534803,136.613008962607,0.942307692307692,0.00295297357291617,0.999137572432481,ALLELE 2,0,0,0,0,0,0,437,155.505975605509,137.05132042552,0.942307692307692,0.00311738903059232,1.08959699071739,1
43,383.854855085906,223.571184935847,1.48076923076923,0.00276057713828889,0.937012349641412,ALLELE 2,0,0,0,0,0,0,388,384.875913895537,224.066716617238,1.34615384615385,0.00229979616037188,1.26632450025789,1
44,281.142934346299,136.124392295971,2.01923076923077,0.00282644496546814,1.02571030905505,ALLELE 1,388,281.674967583782,137.180433013518,2.01923076923077,0.00399373345478181,0.985683115422082,0,0,0,0,0,0,1
45,274.96359663551,228.545680336858,0.538461538461538,0.00295348323149809,0.926016412797902,ALLELE 2,0,0,0,0,0,0,64,276.762855969922,229.127866229686,0.538461538461538,0.00175385515126799,0.923441150508659,1
46,223.644441355036,176.235894221151,1.07692307692308,0.00245945049485105,1.28457054648544,ALLELE 2,0,0,0,0,0,0,405,225.323872892994,176.410843919057,1.21153846153846,0.0029100637363237,1.08265063076523,1
47,325.700144932755,213.480364291693,0.538461538461538,0.00225178367000444,1.19121918058133,ALLELE 2,0,0,0,0,0,0,96,327.106608120529,213.507086556213,0.538461538461538,0.00159670847154897,1.0680199267633,1
48,234.69557187077,200.785842668051,0.807692307692308,0.00266118030197916,0.817555260139435,ALLELE 2,0,0,0,0,0,0,460,236.480379495904,201.202916991033,0.807692307692308,0.00440153955768024,0.997603949089796,1
49,295.415579465884,140.030601627556,0.538461538461538,0.00296434585127299,0.901840688704586,ALLELE 1,329,296.092258735251,140.966276098915,0.673076923076923,0.00231777415346432,0.812962380338363,0,0,0,0,0,0,1
50,176.479702123856,62.0187170112217,0.673076923076923,0.0030688055619906,1.04712539621079,3-color,349,177.500390582885,63.1668652269584,0.807692307692308,0.00258814819318738,1.21713396886796,302,178.253524268842,62.9513712288117,0.673076923076923,0.00217824199197193,1.17913636562132,1
51,308.611941366049,150.749517707373,0.403846153846154,0.00322414031661651,0.959307973979055,ALLELE 1,411,309.457355447283,151.742411886077,0.538461538461538,0.0048925775994024,0.98516696941114,0,0,0,0,0,0,1
52,343.677871500388,187.096754917447,0.538461538461538,0.00260251021118122,1.22003377823655,ALLELE 2,0,0,0,0,0,0,435,345.058004569007,187.540448084278,0.538461538461538,0.00333100713060417,1.12442000495475,1
53,327.23448793015,190.991286194282,0.403846153846154,0.00274219601204883,0.923627619681431,ALLELE 1,385,328.168898250445,191.893421857969,0.403846153846154,0.00323909958689458,0.956790154707106,0,0,0,0,0,0,1
54,418.390965362407,243.461305739137,0.942307692307692,0.00339377151012005,0.950708712190263,ALLELE 2,0,0,0,0,0,0,467,419.767022332095,243.925486430674,0.942307692307692,0.00437081889347968,1.04951520497849,1
55,350.962653319037,183.973056709711,0.673076923076923,0.00283356326260417,1.14624916922603,3-color,318,351.300657479097,185.054768315566,0.673076923076923,0.00207134338528977,1.05152192390528,305,353.17429584846,185.303547657645,0.403846153846154,0.00215795768290497,1.23715092171359,1
56,282.657646936472,157.439593660722,0.538461538461538,0.00344053617380179,0.973268546905132,ALLELE 1,418,283.388584628898,158.280208354369,0.538461538461538,0.00595162186491946,0.980489611583193,0,0,0,0,0,0,1
57,208.546524729196,228.973675519348,0.942307692307692,0.00287179558384178,1.01401744500555,undetec,0,0,0,0,0,0,0,0,0,0,0,0,1
58,329.497623325952,158.836470684211,2.01923076923077,0.00286200998019506,1.29908368210033,ALLELE 2,0,0,0,0,0,0,329,330.521033310301,159.3247673291,2.01923076923077,0.00226200920313893,1.28113313287772,1
59,330.715645382824,241.004148023809,0.942307692307692,0.00309113130564471,1.65475337133844,ALLELE 1,132,330.634571840704,241.287113723486,1.07692307692308,0.00144242123028407,1.05892431159067,0,0,0,0,0,0,1
60,321.480062014151,204.557695233103,0.403846153846154,0.00392628933730277,0.979973677747052,ALLELE 2,0,0,0,0,0,0,114,322.253230913375,204.03728904855,1.07692307692308,0.00187903425661004,1.28162981920562,1
61,312.313192133103,167.773208406099,1.48076923076923,0.00308520140105398,0.951310349585085,ALLELE 2,0,0,0,0,0,0,445,313.679607011867,167.9718811654,1.48076923076923,0.0032372885255696,1.07098440656594,1
62,494.377012067297,200.501876513387,0.807692307692308,0.00333708251891344,0.949405579917882,undetec,0,0,0,0,0,0,0,0,0,0,0,0,1
63,188.288206342959,298.055659225102,0.807692307692308,0.00283352572833688,1.01289324830418,ALLELE 2,0,0,0,0,0,0,439,190.027321305596,298.43764268913,0.673076923076923,0.00338305565761143,1.16910492876224,1
64,310.840326670173,347.429545657446,0.942307692307692,0.00296259539832316,1.16879409631595,3-color,373,311.576133953913,348.076116374564,0.942307692307692,0.00311227515142197,1.3650175182101,479,312.51725468009,347.616553317091,0.942307692307692,0.00726612210391709,1.28779791134105,1
65,329.386330284199,284.289231546029,0.942307692307692,0.00304854442826476,0.927427208887928,ALLELE 2,0,0,0,0,0,0,449,330.94300896704,284.858051164395,0.942307692307692,0.00341589564867056,1.08501283964463,1
66,356.878032224235,456.124151351541,0.942307692307692,0.00270682165252478,1.01198315252519,ALLELE 1,191,358.02107591483,456.588632074223,0.942307692307692,0.00213525236088247,1.06687683391702,0,0,0,0,0,0,1
67,293.654615364177,142.877143407898,0.673076923076923,0.00301545416951047,0.905488081311214,ALLELE 1,321,294.23662167609,144.281020765452,0.673076923076923,0.00230418715458717,0.989110370351915,0,0,0,0,0,0,1
68,299.398331847352,135.042657198059,0.538461538461538,0.00329439792622736,0.915506170281012,ALLELE 1,412,299.900241637695,135.912056551149,0.538461538461538,0.00441147456798223,0.982964235193807,0,0,0,0,0,0,1
69,248.134458596266,203.725301644953,1.07692307692308,0.00325884440633844,1.02368062605907,ALLELE 2,0,0,0,0,0,0,376,249.876933714721,204.249653889597,1.07692307692308,0.00248807307315119,1.07901224206911,1
70,256.249415613708,139.280722168864,0.538461538461538,0.00325712268068753,1.00124218894403,ALLELE 1,368,257.008518887552,139.954791434484,0.673076923076923,0.00287500432733092,0.946328310542758,0,0,0,0,0,0,1
71,302.390707864964,203.009999772186,0.538461538461538,0.00356302849621934,1.65270229518718,ALLELE 2,0,0,0,0,0,0,470,304.419607903063,204.581715742002,0.538461538461538,0.00544388600194358,1.13956791291739,1
72,528.277109830855,96.5143193904155,0.807692307692308,0.00327048219430728,0.97255791392584,ALLELE 1,335,528.641626537462,97.6953906438638,0.807692307692308,0.00303496921406933,0.940414199580643,0,0,0,0,0,0,1
73,262.644339293998,134.934055504739,0.538461538461538,0.00332793679396945,1.02878697714181,ALLELE 2,0,0,0,0,0,0,447,263.890523843664,135.427498702112,0.403846153846154,0.00391324527826942,1.09011022861952,1
74,333.12044061515,231.659580356788,1.48076923076923,0.00310404010834456,1.01127218511543,ALLELE 2,0,0,0,0,0,0,389,334.515870318488,232.058626928259,1.48076923076923,0.00288679955190085,1.01424831565204,1
75,290.178756576996,163.378375427978,1.88461538461538,0.00297483160115861,0.910630760724449,ALLELE 1,189,290.738812395999,164.539417298322,1.88461538461538,0.00199984240448199,1.02369537252321,0,0,0,0,0,0,1
76,195.1582100648,223.665359983138,0.673076923076923,0.00341117844450867,0.987176128825665,ALLELE 2,0,0,0,0,0,0,248,197.072489847522,223.984503008808,0.673076923076923,0.00187165511354184,1.82480140442329,1
77,314.765072139417,200.034308681657,0.538461538461538,0.00327809462445379,0.890495599655405,3-color,66,315.414255078718,201.29404272422,0.538461538461538,0.00182830259644121,0.981127086888311,463,316.253445019423,200.599210678971,0.403846153846154,0.00492599489106195,1.18733133594883,1
78,439.566748971198,196.106335334777,1.07692307692308,0.00335768637284394,0.999942817250946,ALLELE 2,0,0,0,0,0,0,366,441.009842257974,196.371294552652,0.942307692307692,0.00237882565186302,1.0351783629971,1
79,310.117243642192,214.00763335023,1.61538461538462,0.00280708817698032,0.975225546546307,undetec,0,0,0,0,0,0,0,0,0,0,0,0,1
80,319.941914540687,196.773041828881,0.538461538461538,0.00253638007300559,1.05388558291596,undetec,0,0,0,0,0,0,0,0,0,0,0,0,1
81,316.441794866768,169.720921449809,0.538461538461538,0.00314821392586243,1.10114032696375,ALLELE 2,0,0,0,0,0,0,179,317.705269405677,170.560660391164,0.403846153846154,0.00220541597559275,1.07308755286512,1
82,347.436957967582,242.761207917912,0.807692307692308,0.00340175089739831,0.985890629666093,undetec,0,0,0,0,0,0,0,0,0,0,0,0,1
83,408.018738316386,228.422034985679,1.21153846153846,0.00323727819611906,1.02403436752968,ALLELE 2,0,0,0,0,0,0,19,409.099123448415,228.765154620075,1.21153846153846,0.00121076975674296,1.34375126975622,1
84,441.176953619233,247.662802621862,0.538461538461538,0.00309002653931596,0.959412289362466,ALLELE 1,198,441.56731092143,248.449028224657,0.673076923076923,0.00209811849892364,1.10129502100089,0,0,0,0,0,0,1
85,290.349315022329,210.888792613934,1.21153846153846,0.00306921645977117,0.945920627197094,3-color,367,291.030698046943,211.968137668396,1.21153846153846,0.00268415816994702,1.00373479850759,2,291.622944176258,211.352510470445,1.21153846153846,0.00167272987269828,0.962647128292949,1
86,258.357018670049,161.173560031949,0.538461538461538,0.00345339655047363,1.01872191815164,ALLELE 2,0,0,0,0,0,0,468,260.075848278107,161.763053204571,0.538461538461538,0.00488210418049173,1.10000912557481,1
87,463.857859090383,316.182399216153,0.807692307692308,0.00308578201496599,1.02010437875552,3-color,54,464.435283438551,317.279776489785,0.673076923076923,0.00157176773092154,0.975339368901915,436,465.094168847571,316.297142443191,0.807692307692308,0.00286458363192901,1.17195955620828,1
88,344.54525358594,182.145614751475,0.538461538461538,0.00366551671477753,0.969884441510004,ALLELE 2,0,0,0,0,0,0,431,345.602286495127,182.663135238963,0.403846153846154,0.00383187993138067,0.933096466184282,1
89,213.362635748481,209.287213728254,1.07692307692308,0.0034278998558977,0.987375903321886,ALLELE 1,226,214.122691641005,210.334337703147,1.07692307692308,0.00194068564941157,1.02938574552163,0,0,0,0,0,0,1
90,362.8770434903,261.917637485652,0.673076923076923,0.00316061911000615,0.985314984101519,ALLELE 2,0,0,0,0,0,0,151,364.280098755906,262.347475009433,0.673076923076923,0.00180372469379848,0.935214487756502,1
91,236.571047155592,203.689837618744,0.807692307692308,0.00314191546431006,0.920629428020161,ALLELE 2,0,0,0,0,0,0,408,238.46129911686,204.392373708563,0.807692307692308,0.00330339955161086,0.679282362152211,1
92,268.925024757322,211.230627063408,0.807692307692308,0.00311539870612765,1.01877598236511,ALLELE 2,0,0,0,0,0,0,395,270.391604178171,211.613777298158,0.807692307692308,0.00270196436591333,1.01779638619701,1
93,346.385080747464,221.50287249444,1.48076923076923,0.00330130856447661,1.11497447128107,ALLELE 2,0,0,0,0,0,0,354,347.889994127478,222.333290305989,1.48076923076923,0.00217550051737368,1.40546075081347,1
94,312.574331821568,183.133668008851,0.538461538461538,0.00357911547896137,0.925033359735678,ALLELE 1,308,313.315516062439,183.994156806346,0.538461538461538,0.00268577069776181,0.984826468505825,0,0,0,0,0,0,1
95,275.5251317691,132.582580311749,0.538461538461538,0.00402794974263278,1.02412021894451,ALLELE 1,397,276.512578038005,133.471018226397,0.538461538461538,0.00427967076897286,1.00852541015089,0,0,0,0,0,0,1
96,359.966982243942,243.713604377473,0.807692307692308,0.00333764229484724,0.965824234648634,undetec,0,0,0,0,0,0,0,0,0,0,0,0,1
97,325.998184270053,200.037884531876,0.538461538461538,0.00367654256681799,0.934914521156085,ALLELE 2,0,0,0,0,0,0,465,327.407939923137,200.596845566968,0.538461538461538,0.00528482377402445,1.05497482110019,1
98,371.474541834611,222.486511140148,0.538461538461538,0.00408018248107577,0.989091651389845,ALLELE 2,0,0,0,0,0,0,475,372.730417987842,222.975215952597,0.538461538461538,0.00553905925556289,1.04298756041717,1
99,322.597486803152,235.300780243486,0.538461538461538,0.0036865883670161,0.982921661234003,3-color,43,323.526970632331,236.01394713058,0.538461538461538,0.00188166808802286,1.06451608175928,438,324.497467231041,235.579088006244,0.403846153846154,0.00325356688139102,1.27872149320886,1
100,321.236849130191,244.84388995963,1.07692307692308,0.00322778467147863,1.03379648625457,ALLELE 2,0,0,0,0,0,0,377,322.75499535776,245.478050108998,1.07692307692308,0.0028875754491788,1.14846157646314,1
101,320.009999985467,199.287866122676,0.673076923076923,0.00386605407259685,1.57656530259285,ALLELE 2,0,0,0,0,0,0,471,320.838471974448,199.202138918978,0.538461538461538,0.00528811082402859,1.29295453750552,1
102,289.786463119638,98.040710101918,0.538461538461538,0.00328619706534716,1.01408934279345,ALLELE 1,400,290.536974743107,98.9946671350014,0.538461538461538,0.00399160973083361,1.05158736965826,0,0,0,0,0,0,1
103,320.432146110146,210.086335174857,0.538461538461538,0.0040626628160333,0.961354834075829,ALLELE 2,0,0,0,0,0,0,420,321.762227107854,210.515202258571,0.538461538461538,0.00337854554991364,1.22206819151225,1
104,291.533446720039,241.130110242573,1.07692307692308,0.00369707378913369,0.915675186115643,ALLELE 2,0,0,0,0,0,0,478,292.937419204008,241.54602974241,1.07692307692308,0.00675977162005648,1.04011368398472,1
105,421.130341623375,268.498861756352,0.673076923076923,0.00366684315594888,1.71466980963794,3-color,399,421.77714899127,269.285929203512,0.673076923076923,0.00423656559214475,1.52887608180723,480,421.783534289268,268.770288599786,0.673076923076923,0.0087093017840621,1.74209581936273,1
106,230.050413439521,223.581653467629,0.807692307692308,0.00340008196468516,1.02889027420626,3-color,239,230.815233043765,224.142599027907,0.673076923076923,0.00205737605077641,0.985532291305169,474,231.801802011707,224.133220112976,0.673076923076923,0.00500284177449618,1.06420105814882,1
107,346.003696739346,210.815686975418,0.538461538461538,0.00345864949319041,0.99618440605364,ALLELE 2,0,0,0,0,0,0,453,347.356426148586,210.928221821902,0.538461538461538,0.00368192487822667,1.0186421325314,1
108,340.946889135445,159.828358924072,0.538461538461538,0.00335951878065478,0.975276963873011,ALLELE 2,0,0,0,0,0,0,117,342.470222307261,160.363160337087,0.403846153846154,0.00202514000799883,1.17668304673388,1
109,273.479231121037,213.396587025323,1.07692307692308,0.00404331170595204,1.02455582741477,ALLELE 2,0,0,0,0,0,0,311,274.85948758894,213.549713345298,1.07692307692308,0.00221074080662768,1.02901946666707,1
110,318.734940166258,112.7059974235,0.538461538461538,0.00388272235687902,0.97175285106489,ALLELE 1,403,319.402935737607,113.456137949879,0.538461538461538,0.00489458143622597,0.993123654980626,0,0,0,0,0,0,1
111,318.347776085368,97.1264467656575,0.538461538461538,0.00339698961085914,1.1088128401778,ALLELE 2,0,0,0,0,0,0,451,320.277494415619,97.3264157085918,0.538461538461538,0.0036256149135735,1.30062788951617,1
112,296.41925208484,150.999209573488,0.673076923076923,0.00380455629484266,1.04555191677891,3-color,363,296.9593725773,152.09612006632,0.673076923076923,0.0028674962758434,0.984976039665889,241,297.925937699874,151.535766404109,0.538461538461538,0.00215697533501391,0.878958867446093,1
113,274.25197342685,216.935076688974,0.807692307692308,0.00366511419534227,1.03777522776043,ALLELE 2,0,0,0,0,0,0,414,275.668195428887,217.286082344007,0.807692307692308,0.00317247075643013,1.07961717537814,1
114,331.585438646634,241.360359976249,0.942307692307692,0.00311065660489825,1.54336186402808,undetec,0,0,0,0,0,0,0,0,0,0,0,0,1
115,372.714180511786,194.406807419318,0.538461538461538,0.00407940607721194,0.978420191152362,ALLELE 2,0,0,0,0,0,0,52,374.065852412419,195.122481142453,0.403846153846154,0.00163552161311971,1.08778054171495,1
116,333.835442429928,97.4957849679681,0.403846153846154,0.00398725682884517,0.997086868581001,undetec,0,0,0,0,0,0,0,0,0,0,0,0,1
117,354.164718486414,201.73362893199,0.538461538461538,0.0038038986439021,0.988265242823766,3-color,404,354.935543984299,202.477943732532,0.538461538461538,0.00449546185442443,0.985544266768271,287,355.745514334415,201.934605690526,0.538461538461538,0.00206662162195466,0.993460547623578,1
118,261.401660309617,202.436335311498,0.538461538461538,0.00446042862438005,0.975199823704123,3-color,266,262.004638553223,203.300189792807,0.673076923076923,0.00214080120974466,0.991784936459763,250,263.149709513216,202.80561087708,0.673076923076923,0.00197551614975706,0.963256162560542,1
119,290.720913235,162.447806526279,0.538461538461538,0.00420446972909875,0.9907970824205,3-color,405,291.789450002652,163.413818882416,0.538461538461538,0.00479056647391256,1.00298159128991,254,292.384636927256,163.071309218066,0.403846153846154,0.00211036897001312,1.05909095494698,1
120,315.44977530986,97.2427457924249,0.403846153846154,0.00391105426942347,1.15701570130221,ALLELE 1,126,315.897048332138,98.0198302680402,0.403846153846154,0.00192370229324019,0.937332620013408,0,0,0,0,0,0,1
121,304.554485221117,151.902352679489,0.673076923076923,0.00380219959712282,0.906691878334427,ALLELE 1,285,304.9109414253,152.979733683278,0.538461538461538,0.00194440572415354,0.922647510119022,0,0,0,0,0,0,1
122,420.658561705326,261.022831610555,0.807692307692308,0.00366492719733812,0.948651682984016,ALLELE 1,350,421.427121466354,261.892586331983,0.807692307692308,0.00306021110660919,0.928759704408848,0,0,0,0,0,0,1
123,399.530724515901,244.647651355966,0.807692307692308,0.00376539751342015,1.02037346973215,ALLELE 2,0,0,0,0,0,0,461,400.828787524969,244.70450319264,0.807692307692308,0.00440124499651155,1.10948944346493,1
124,360.843625722378,80.8781527420641,0.807692307692308,0.00369395464637508,0.942879039646134,ALLELE 1,272,361.436013626822,82.1672725762747,0.807692307692308,0.00191049525699119,1.0269205203874,0,0,0,0,0,0,1
125,320.450670180927,199.487974059704,0.538461538461538,0.0033525358566979,1.5906641665333,ALLELE 2,0,0,0,0,0,0,471,320.838471974448,199.202138918978,0.538461538461538,0.00528811082402859,1.29295453750552,1
126,303.427945024724,138.485466380834,0.538461538461538,0.00518212607400114,0.820736846989182,ALLELE 2,0,0,0,0,0,0,458,304.726326782168,139.064778028864,0.538461538461538,0.00415842441285858,1.00996019920296,1
127,302.604446353807,203.769190201265,0.538461538461538,0.00379157815450659,1.12296904903013,ALLELE 2,0,0,0,0,0,0,470,304.419607903063,204.581715742002,0.538461538461538,0.00544388600194358,1.13956791291739,1
128,297.543783776661,228.877366888006,1.21153846153846,0.00397048925401302,0.999885533799834,ALLELE 1,413,298.340106367902,229.955082751999,1.21153846153846,0.00470356251009711,1.04013106467172,0,0,0,0,0,0,1
129,352.69117369228,185.077265673387,0.538461538461538,0.00374356048198387,1.15568246673836,3-color,351,353.414640439022,186.104307607264,0.538461538461538,0.00234470830724688,1.06071282018102,305,353.17429584846,185.303547657645,0.403846153846154,0.00215795768290497,1.23715092171359,1
130,291.64165443709,225.21418481552,1.07692307692308,0.00417729508964288,0.945266180045588,undetec,0,0,0,0,0,0,0,0,0,0,0,0,1
131,344.587739970083,107.363409123938,0.403846153846154,0.00468155250643168,0.946879627199628,3-color,155,345.042316353217,108.284973757201,0.403846153846154,0.00161765857633242,0.936877461373304,237,345.731973503688,108.28847174906,0.538461538461538,0.00210715586081118,0.884983207349239,1
132,425.457600363288,152.262650300456,1.07692307692308,0.00505211368217588,1.60855423110307,3-color,419,426.225575727472,153.457198112358,1.07692307692308,0.00807384167771407,1.58797710289106,483,426.539576665531,152.944467949955,1.07692307692308,0.0140394478512786,1.50274166737914,1
133,401.174782230267,246.410256302138,0.673076923076923,0.00427467430690514,1.00645542106058,ALLELE 1,216,401.777082423004,247.268307930612,0.673076923076923,0.00187120940931288,0.933117548308639,0,0,0,0,0,0,1
134,301.038063818353,154.35206988152,0.538461538461538,0.00400050023194493,0.845520998131805,ALLELE 2,0,0,0,0,0,0,216,302.646070946531,155.044945541911,0.673076923076923,0.00175915236768759,0.829147024755717,1
135,295.306834547776,210.45192532189,0.538461538461538,0.00452617778543479,0.988665822761152,ALLELE 2,0,0,0,0,0,0,457,296.698704275849,210.916533455857,0.538461538461538,0.0041243364775,1.03165546674975,1
136,249.27056239834,62.9373981249523,0.807692307692308,0.00458955781555265,1.42874715013455,3-color,416,249.804988416331,64.0136987469902,0.807692307692308,0.00579636634797198,1.49288299221824,482,251.0658617907,63.861395721739,0.673076923076923,0.0127050476530703,1.43760153520358,1
137,322.119987896143,119.615071484047,0.538461538461538,0.00431995867577353,0.960859448875496,3-color,10,322.851908422517,120.73547918315,0.538461538461538,0.00147601601630725,0.909157887852334,426,323.674148274569,120.233014269248,0.538461538461538,0.00327101947717878,1.06802543885135,1
138,225.156449460078,171.785816811686,0.673076923076923,0.00409281956276907,0.997448723813939,3-color,376,225.861626031334,172.447348722547,0.673076923076923,0.00321196590591567,1.08373487512728,303,227.118161578899,171.994701388104,0.538461538461538,0.00196358699332147,1.03312888802738,1
139,319.575552257608,105.803916148261,0.538461538461538,0.00473920483456601,1.01811953183837,3-color,336,320.398332084314,106.845469353818,0.538461538461538,0.00278908134746902,1.04104819411196,277,321.256107648787,106.329826052765,0.538461538461538,0.0019531845317091,0.920820224433099,1
140,71.9520609880932,132.536356129853,0.673076923076923,0.0045479520653055,0.94700169497753,ALLELE 1,287,72.7484337021742,133.462786482945,0.673076923076923,0.00246345492481057,0.886161136504651,0,0,0,0,0,0,1
141,315.627878704319,176.283994423086,0.538461538461538,0.00455244217264209,1.01517077743605,3-color,322,316.193637422186,177.248897456539,0.538461538461538,0.00279998865263293,1.05844862452679,106,317.522192694268,176.991505938471,0.538461538461538,0.00203486335319673,1.32461559971211,1
142,260.70082864298,189.267273639669,0.538461538461538,0.00424901649735274,1.00815448982261,ALLELE 2,0,0,0,0,0,0,443,262.246253864781,189.604962531781,0.403846153846154,0.00377727571903757,1.18366213215221,1
143,312.394251684431,229.852974075551,0.538461538461538,0.00450591056685123,0.975837552675999,ALLELE 2,0,0,0,0,0,0,473,313.980586002223,230.076815243768,0.538461538461538,0.00511731667517657,1.10191769281501,1
144,327.625491798581,153.792291174374,0.538461538461538,0.00467994487945407,1.32345307676925,ALLELE 2,0,0,0,0,0,0,444,328.736914924681,154.30668267807,0.538461538461538,0.00354047280871745,1.0165324575114,1
145,258.150859814532,245.964879374331,0.673076923076923,0.00419165300763065,0.990323313051245,ALLELE 2,0,0,0,0,0,0,208,259.989254485845,246.822763431016,0.673076923076923,0.001840816380829,1.61887471806703,1
146,291.014494259226,130.829295870549,0.538461538461538,0.00453211945797891,1.01619329845858,ALLELE 1,348,290.689579593036,132.093132882468,0.673076923076923,0.00284836076492116,1.07450722182949,0,0,0,0,0,0,1
147,254.316070166908,273.110060766581,0.538461538461538,0.00428267239565231,1.01619776215349,3-color,383,254.937726693651,273.940104552834,0.538461538461538,0.0030312464544461,0.926710558628685,211,256.177590226219,273.520604579794,0.538461538461538,0.00219756660204937,1.00855669098362,1
148,302.666939145588,189.580611500094,0.538461538461538,0.0048085866843409,0.982164162931946,ALLELE 2,0,0,0,0,0,0,365,303.894803901683,189.943469293716,0.403846153846154,0.00198500029136235,1.19070661547575,1
149,328.091593696894,215.303965520748,0.538461538461538,0.0043574816360628,0.843115566690518,undetec,0,0,0,0,0,0,0,0,0,0,0,0,1
150,285.796397560644,115.113785516321,0.538461538461538,0.00441894707751696,0.99026564179741,ALLELE 1,415,286.515333199322,115.861712668985,0.538461538461538,0.00517578932890137,1.08614374769559,0,0,0,0,0,0,1
151,308.975890530961,205.029418587875,0.538461538461538,0.00441294662427131,1.14022122382137,ALLELE 2,0,0,0,0,0,0,349,310.629333697519,205.40712937999,0.538461538461538,0.00252206786697518,1.3234809802843,1
152,333.342722459815,192.84574190088,1.48076923076923,0.00464437680988269,1.03304179989367,ALLELE 2,0,0,0,0,0,0,464,334.735645071768,193.360597551334,1.48076923076923,0.00407600737965612,1.13607253251431,1
153,351.896007938032,162.597738977015,0.538461538461538,0.00490535202107015,0.980550988590335,3-color,263,352.581365692739,163.466356048707,0.538461538461538,0.00266889374578614,0.971477985841925,222,353.207950195308,162.808949102737,0.538461538461538,0.00180206358744286,1.00300349771286,1
154,308.284225227178,180.969273313002,0.538461538461538,0.00500825868252997,1.18596591089912,ALLELE 2,0,0,0,0,0,0,442,309.52046337092,180.748381870348,0.538461538461538,0.00348117649709537,1.28931812481744,1
155,304.301231521265,133.327436239881,0.538461538461538,0.00490576470247988,0.971963329793582,ALLELE 1,342,304.799905463509,134.424331796598,0.538461538461538,0.00282176576618311,0.957408843314987,0,0,0,0,0,0,1
156,307.027994806663,138.247896986457,1.21153846153846,0.00438769127810737,1.01105013641249,ALLELE 1,305,307.533822178523,139.224604767779,1.21153846153846,0.0025961393778308,1.03108793997069,0,0,0,0,0,0,1
157,301.569199154033,100.771679572587,0.538461538461538,0.00518406405400849,0.915305228143095,ALLELE 1,393,302.196933515968,101.683427180376,0.538461538461538,0.00388135595654012,0.974097890455142,0,0,0,0,0,0,1
158,326.498552628935,205.192923605892,0.538461538461538,0.00568049386862505,1.04628681323956,3-color,394,327.371421021273,206.294902136131,0.538461538461538,0.00398637113946312,1.01162489159741,290,328.144275803324,205.316983517451,0.538461538461538,0.00257160703733707,0.721765883672203,1
159,341.11422458906,318.102378928725,0.942307692307692,0.00436928637187219,0.982687889984795,ALLELE 2,0,0,0,0,0,0,428,342.703650570334,318.104899602841,0.942307692307692,0.00288454724878049,1.11809495092857,1
160,323.546609844225,192.031569201625,0.538461538461538,0.00513724817894172,1.1737302915431,3-color,243,324.744232316439,192.795215138902,0.538461538461538,0.00202299188695113,1.50151844118238,424,325.437233080449,192.270395073519,0.538461538461538,0.00336487613018484,1.19219631105931,1
161,278.79818533967,190.794614092301,0.538461538461538,0.00497444353409345,0.996511339641697,ALLELE 2,0,0,0,0,0,0,336,280.101000720136,191.264263642287,0.403846153846154,0.00237240753582641,1.01406850952389,1
162,277.813079214967,118.835242795257,0.403846153846154,0.00496581092531192,0.9829931797806,ALLELE 1,398,278.637855165782,119.727565226796,0.538461538461538,0.0038804278612347,1.07553674039998,0,0,0,0,0,0,1
163,323.818164051543,141.8168000549,0.538461538461538,0.00505166432870214,0.926043546558073,ALLELE 2,0,0,0,0,0,0,413,325.607954771446,142.14678305733,0.538461538461538,0.00294259642297447,1.07512101116449,1
164,306.865352631702,101.983449948679,0.538461538461538,0.00528982296412243,1.22594345401307,3-color,361,307.752248281934,103.083404573982,0.538461538461538,0.00339422479565768,1.66740794104187,450,308.272243831024,102.641122474783,0.538461538461538,0.00367376680109426,1.33202531913782,1
165,345.311445985093,219.182240730414,0.538461538461538,0.00601605086618658,1.16227507196383,3-color,267,346.153920132079,219.968115134873,0.538461538461538,0.00237660234823334,1.14389791762697,476,346.864564233567,220.052862346591,0.538461538461538,0.0061535728233971,1.16068874135247,1
166,478.65933404884,244.999190641095,0.942307692307692,0.00698235200979994,1.65128101572578,3-color,420,479.293938628147,245.809772771853,0.942307692307692,0.00847243274205026,1.68100084072685,484,479.833263411798,245.344397462971,0.942307692307692,0.0161529736047519,1.75623072875128,1
167,302.034313231046,239.85610035326,0.538461538461538,0.00640608192447097,1.21999206482518,3-color,333,302.604440263186,241.313160834584,0.538461538461538,0.0028925768860918,1.12514659651588,462,303.137557910981,240.403238358455,0.538461538461538,0.00460074290064281,1.12692879552309,1
168,221.658035167245,81.548597627517,0.807692307692308,0.00767631861037497,1.56779770180122,3-color,422,222.426866267259,82.6356609957062,0.807692307692308,0.0126795532090588,1.5787037705495,485,223.576724803915,82.4172007263221,0.673076923076923,0.022486218766546,1.65968665752354,1
169,308.258504535081,154.872770989885,1.75,0.00820836259250048,1.08086877829478,3-color,421,308.651932871414,155.704397945054,1.61538461538462,0.0079188744702878,1.0798855763685,481,309.72126701477,155.677877679581,1.75,0.00755822638462792,1.16792843736157,1
